init_portfolio_value,final_portfolio_value,model_name
10000,18038.386582031264,model/fx-model_20230922190652.pkl
10000,18816.297050781177,model/fx-model_20230922190653.pkl
10000,19848.092460937467,model/fx-model_20230922190655.pkl
10000,46978.27595703112,model/fx-model_20230922190706.pkl
10000,44845.769863281,model/fx-model_20230922190717.pkl
10000,19990.337597656224,model/fx-model_20230922190719.pkl
10000,19544.648632812496,model/fx-model_20230922190720.pkl
10000,18110.57855468738,model/fx-model_20230922190722.pkl
10000,36947.79841796881,model/fx-model_20230922190731.pkl
10000,19075.07568359373,model/fx-model_20230922190733.pkl
10000,19943.80216796872,model/fx-model_20230922190818.pkl
10000,42514.716347656075,model/fx-model_20230922190829.pkl
10000,44992.72470703134,model/fx-model_20230922190840.pkl
10000,43098.656933593775,model/fx-model_20230922190851.pkl
10000,19929.243339843797,model/fx-model_20230922190853.pkl
10000,18054.581367187384,model/fx-model_20230922190854.pkl
10000,19457.587988281226,model/fx-model_20230922190856.pkl
10000,19097.118652343772,model/fx-model_20230922190857.pkl
10000,41128.42957031244,model/fx-model_20230922190908.pkl
10000,43459.144746093814,model/fx-model_20230922190919.pkl
10000,20464.983164062487,model/fx-model_20230922191004.pkl
10000,19071.183945312554,model/fx-model_20230922191006.pkl
10000,19954.844003906248,model/fx-model_20230922191008.pkl
10000,42901.81011718739,model/fx-model_20230922191018.pkl
10000,20051.11964843752,model/fx-model_20230922191020.pkl
10000,43112.83734375009,model/fx-model_20230922191031.pkl
10000,37414.88339843741,model/fx-model_20230922191041.pkl
10000,19308.134765624975,model/fx-model_20230922191043.pkl
10000,47702.218066406116,model/fx-model_20230922191054.pkl
10000,19973.263535156297,model/fx-model_20230922191055.pkl
10000,42753.05232421884,model/fx-model_20230922191149.pkl
10000,20507.01999999995,model/fx-model_20230922191151.pkl
10000,46793.290722656064,model/fx-model_20230922191202.pkl
10000,19832.53482421873,model/fx-model_20230922191204.pkl
10000,41461.13722656238,model/fx-model_20230922191216.pkl
10000,19849.372753906235,model/fx-model_20230922191217.pkl
10000,19829.72472656247,model/fx-model_20230922191219.pkl
10000,18726.03085937493,model/fx-model_20230922191220.pkl
10000,17832.566953124893,model/fx-model_20230922191222.pkl
10000,19599.830136718636,model/fx-model_20230922191223.pkl
10000,19938.111328125065,model/fx-model_20230922191310.pkl
10000,36461.45201171866,model/fx-model_20230922191319.pkl
10000,16851.74474609372,model/fx-model_20230922191321.pkl
10000,41890.6527929686,model/fx-model_20230922191332.pkl
10000,19677.780488281278,model/fx-model_20230922191334.pkl
10000,40615.84615234361,model/fx-model_20230922191346.pkl
10000,47400.09810546854,model/fx-model_20230922191357.pkl
10000,43449.291874999944,model/fx-model_20230922191409.pkl
10000,42383.27654296879,model/fx-model_20230922191421.pkl
10000,20023.100585937522,model/fx-model_20230922191422.pkl
10000,47277.828359374966,model/fx-model_20230922191520.pkl
10000,18866.971523437478,model/fx-model_20230922191522.pkl
10000,40405.9510742187,model/fx-model_20230922191533.pkl
10000,19424.097167968754,model/fx-model_20230922191535.pkl
10000,20606.083984374993,model/fx-model_20230922191537.pkl
10000,17478.271542968734,model/fx-model_20230922191538.pkl
10000,20193.156699218747,model/fx-model_20230922191540.pkl
10000,38748.506796875,model/fx-model_20230922191552.pkl
10000,49018.2243554686,model/fx-model_20230922191604.pkl
10000,19168.118652343674,model/fx-model_20230922191606.pkl
10000,20164.333554687513,model/fx-model_20230922191653.pkl
10000,43762.341992187525,model/fx-model_20230922191704.pkl
10000,20397.64761718752,model/fx-model_20230922191706.pkl
10000,42681.12935546859,model/fx-model_20230922191718.pkl
10000,18553.640468749963,model/fx-model_20230922191720.pkl
10000,43387.23400390624,model/fx-model_20230922191731.pkl
10000,19507.210742187468,model/fx-model_20230922191733.pkl
10000,44523.0668164062,model/fx-model_20230922191746.pkl
10000,19563.0568359375,model/fx-model_20230922191748.pkl
10000,18827.815117187507,model/fx-model_20230922191750.pkl
10000,19157.096191406246,model/fx-model_20230922191832.pkl
10000,41096.22658203136,model/fx-model_20230922191844.pkl
10000,19075.322773437543,model/fx-model_20230922191846.pkl
10000,20115.140624999964,model/fx-model_20230922191847.pkl
10000,18837.78505859364,model/fx-model_20230922191848.pkl
10000,21510.0554296875,model/fx-model_20230922191850.pkl
10000,19380.504414062412,model/fx-model_20230922191852.pkl
10000,20162.591816406268,model/fx-model_20230922191854.pkl
10000,45429.746347656226,model/fx-model_20230922191904.pkl
10000,20247.693496093732,model/fx-model_20230922191906.pkl
10000,43283.337382812344,model/fx-model_20230922191955.pkl
10000,18588.510527343755,model/fx-model_20230922191957.pkl
10000,17633.068437499925,model/fx-model_20230922191958.pkl
10000,42943.64796874992,model/fx-model_20230922192010.pkl
10000,19190.006367187525,model/fx-model_20230922192012.pkl
10000,17813.148730468653,model/fx-model_20230922192013.pkl
10000,18955.222929687414,model/fx-model_20230922192014.pkl
10000,16884.074218749927,model/fx-model_20230922192016.pkl
10000,19726.10009765621,model/fx-model_20230922192017.pkl
10000,20415.10474609362,model/fx-model_20230922192019.pkl
10000,35722.04386718733,model/fx-model_20230922192114.pkl
10000,36680.38656249984,model/fx-model_20230922192122.pkl
10000,47242.72867187507,model/fx-model_20230922192134.pkl
10000,17845.013183593663,model/fx-model_20230922192135.pkl
10000,36343.90242187507,model/fx-model_20230922192145.pkl
10000,19969.029374999987,model/fx-model_20230922192147.pkl
10000,41223.449570312405,model/fx-model_20230922192159.pkl
10000,46262.330664062334,model/fx-model_20230922192211.pkl
10000,44985.657324218664,model/fx-model_20230922192222.pkl
10000,42446.74388671873,model/fx-model_20230922192236.pkl
10000,39355.6250976564,model/fx-model_20230922192348.pkl
10000,38794.18890624995,model/fx-model_20230922192400.pkl
10000,43533.10341796847,model/fx-model_20230922192413.pkl
10000,20390.796621093807,model/fx-model_20230922192415.pkl
10000,42902.971367187456,model/fx-model_20230922192427.pkl
10000,19373.603789062516,model/fx-model_20230922192429.pkl
10000,20447.920996093748,model/fx-model_20230922192431.pkl
10000,19838.474355468727,model/fx-model_20230922192433.pkl
10000,18287.218808593734,model/fx-model_20230922192435.pkl
10000,43220.73650390615,model/fx-model_20230922192448.pkl
10000,20047.303632812505,model/fx-model_20230922192541.pkl
10000,41885.70849609388,model/fx-model_20230922192553.pkl
10000,16409.046386718677,model/fx-model_20230922192554.pkl
10000,19148.584218749947,model/fx-model_20230922192556.pkl
10000,18540.113261718696,model/fx-model_20230922192558.pkl
10000,37955.81320312497,model/fx-model_20230922192608.pkl
10000,16395.56347656241,model/fx-model_20230922192609.pkl
10000,42367.48494140615,model/fx-model_20230922192622.pkl
10000,46869.44767578114,model/fx-model_20230922192635.pkl
10000,42423.954160156,model/fx-model_20230922192648.pkl
10000,18042.287656249886,model/fx-model_20230922192736.pkl
10000,17975.36664062488,model/fx-model_20230922192737.pkl
10000,45198.121933593786,model/fx-model_20230922192752.pkl
10000,18978.375605468733,model/fx-model_20230922192754.pkl
10000,41729.20675781248,model/fx-model_20230922192806.pkl
10000,19167.431992187503,model/fx-model_20230922192808.pkl
10000,18772.170742187438,model/fx-model_20230922192810.pkl
10000,19853.520917968694,model/fx-model_20230922192811.pkl
10000,37067.21808593733,model/fx-model_20230922192822.pkl
10000,37889.84130859359,model/fx-model_20230922192834.pkl
10000,17912.863046874954,model/fx-model_20230922192922.pkl
10000,42302.02234374997,model/fx-model_20230922192934.pkl
10000,20064.78181640625,model/fx-model_20230922192936.pkl
10000,44244.24175781239,model/fx-model_20230922192950.pkl
10000,47935.94939453121,model/fx-model_20230922193003.pkl
10000,43328.3034765625,model/fx-model_20230922193015.pkl
10000,20789.658906249988,model/fx-model_20230922193017.pkl
10000,42512.65640625011,model/fx-model_20230922193030.pkl
10000,16580.843906249975,model/fx-model_20230922193031.pkl
10000,41014.07035156238,model/fx-model_20230922193043.pkl
10000,20254.60960937502,model/fx-model_20230922193134.pkl
10000,19386.153632812417,model/fx-model_20230922193135.pkl
10000,19913.31494140622,model/fx-model_20230922193137.pkl
10000,42388.542148437366,model/fx-model_20230922193150.pkl
10000,20130.51775390624,model/fx-model_20230922193152.pkl
10000,39118.32857421853,model/fx-model_20230922193204.pkl
10000,18047.03613281244,model/fx-model_20230922193205.pkl
10000,19990.221835937486,model/fx-model_20230922193207.pkl
10000,42834.30580078102,model/fx-model_20230922193219.pkl
10000,46981.79468749992,model/fx-model_20230922193231.pkl
10000,17507.50732421872,model/fx-model_20230922193325.pkl
10000,19777.592617187456,model/fx-model_20230922193327.pkl
10000,19926.12531250001,model/fx-model_20230922193329.pkl
10000,41644.18222656237,model/fx-model_20230922193344.pkl
10000,19020.845546874985,model/fx-model_20230922193346.pkl
10000,19605.349316406184,model/fx-model_20230922193348.pkl
10000,36089.68363281248,model/fx-model_20230922193359.pkl
10000,19948.609707031246,model/fx-model_20230922193400.pkl
10000,17698.59611328125,model/fx-model_20230922193402.pkl
10000,19322.7547265625,model/fx-model_20230922193405.pkl
10000,16938.16124999996,model/fx-model_20230922193454.pkl
10000,39687.274824218555,model/fx-model_20230922193507.pkl
10000,19042.26468749997,model/fx-model_20230922193509.pkl
10000,19661.76177734371,model/fx-model_20230922193511.pkl
10000,19560.09570312502,model/fx-model_20230922193513.pkl
10000,19362.172031249946,model/fx-model_20230922193514.pkl
10000,38501.7826757812,model/fx-model_20230922193524.pkl
10000,19527.52943359378,model/fx-model_20230922193525.pkl
10000,42828.94666015602,model/fx-model_20230922193538.pkl
10000,18444.37794921869,model/fx-model_20230922193540.pkl
10000,46286.06595703118,model/fx-model_20230922193630.pkl
10000,17943.758613281254,model/fx-model_20230922193632.pkl
10000,18513.041015624905,model/fx-model_20230922193633.pkl
10000,37402.54103515594,model/fx-model_20230922193643.pkl
10000,43497.87123046863,model/fx-model_20230922193656.pkl
10000,36520.60994140637,model/fx-model_20230922193705.pkl
10000,40229.63599609375,model/fx-model_20230922193716.pkl
10000,17661.99365234366,model/fx-model_20230922193718.pkl
10000,17540.90615234366,model/fx-model_20230922193719.pkl
10000,18970.84998046876,model/fx-model_20230922193721.pkl
10000,18358.887539062434,model/fx-model_20230922193809.pkl
10000,43889.62474609379,model/fx-model_20230922193821.pkl
10000,19772.68113281255,model/fx-model_20230922193823.pkl
10000,20009.35414062502,model/fx-model_20230922193825.pkl
10000,17819.88888671861,model/fx-model_20230922193826.pkl
10000,39421.8926562499,model/fx-model_20230922193836.pkl
10000,38948.985136718664,model/fx-model_20230922193846.pkl
10000,16134.011718749916,model/fx-model_20230922193847.pkl
10000,19985.734980468762,model/fx-model_20230922193849.pkl
10000,19734.361113281255,model/fx-model_20230922193851.pkl
10000,18849.103925781226,model/fx-model_20230922193941.pkl
10000,20302.590546875024,model/fx-model_20230922193943.pkl
10000,19782.287695312534,model/fx-model_20230922193945.pkl
10000,17352.120253906243,model/fx-model_20230922193946.pkl
10000,17640.125000000007,model/fx-model_20230922193948.pkl
10000,19251.9044921875,model/fx-model_20230922193950.pkl
10000,20182.11035156255,model/fx-model_20230922193952.pkl
10000,44153.46513671866,model/fx-model_20230922194004.pkl
10000,20048.32693359377,model/fx-model_20230922194006.pkl
10000,41593.1726953125,model/fx-model_20230922194018.pkl
10000,40857.91656249988,model/fx-model_20230922194118.pkl
10000,19809.106445312467,model/fx-model_20230922194120.pkl
10000,20739.64867187501,model/fx-model_20230922194122.pkl
10000,19886.11785156248,model/fx-model_20230922194124.pkl
10000,20581.2005859375,model/fx-model_20230922194126.pkl
10000,19911.033613281223,model/fx-model_20230922194127.pkl
10000,20852.40195312501,model/fx-model_20230922194129.pkl
10000,18925.116035156254,model/fx-model_20230922194131.pkl
10000,41934.59599609356,model/fx-model_20230922194143.pkl
10000,19600.186562500014,model/fx-model_20230922194145.pkl
10000,20126.07978515611,model/fx-model_20230922194235.pkl
10000,37428.55296874997,model/fx-model_20230922194247.pkl
10000,46144.75451171861,model/fx-model_20230922194259.pkl
10000,18417.82458984378,model/fx-model_20230922194301.pkl
10000,44699.65269531241,model/fx-model_20230922194313.pkl
10000,20169.907167968933,model/fx-model_20230922194319.pkl
10000,37971.98732421866,model/fx-model_20230922194331.pkl
10000,43267.553730468746,model/fx-model_20230922194343.pkl
10000,19257.38765624999,model/fx-model_20230922194345.pkl
10000,19322.437812499982,model/fx-model_20230922194347.pkl
10000,20769.441621093738,model/fx-model_20230922194428.pkl
10000,42921.84392578126,model/fx-model_20230922194439.pkl
10000,21369.887265625,model/fx-model_20230922194440.pkl
10000,19925.34140624998,model/fx-model_20230922194442.pkl
10000,40255.32248046869,model/fx-model_20230922194454.pkl
10000,20298.472265625023,model/fx-model_20230922194456.pkl
10000,43613.67800781249,model/fx-model_20230922194508.pkl
10000,46143.51121093744,model/fx-model_20230922194520.pkl
10000,16881.08316406243,model/fx-model_20230922194521.pkl
10000,20077.92441406246,model/fx-model_20230922194523.pkl
10000,44007.446816406366,model/fx-model_20230922194620.pkl
10000,20067.312441406226,model/fx-model_20230922194622.pkl
10000,18526.486093749965,model/fx-model_20230922194624.pkl
10000,18162.036249999954,model/fx-model_20230922194625.pkl
10000,20600.89005859376,model/fx-model_20230922194627.pkl
10000,32345.23474609392,model/fx-model_20230922194636.pkl
10000,20068.18839843749,model/fx-model_20230922194638.pkl
10000,19479.03767578126,model/fx-model_20230922194640.pkl
10000,19131.767773437492,model/fx-model_20230922194641.pkl
10000,20270.75224609377,model/fx-model_20230922194643.pkl
10000,40416.2404296874,model/fx-model_20230922194731.pkl
10000,47879.66017578126,model/fx-model_20230922194743.pkl
10000,18730.475214843707,model/fx-model_20230922194745.pkl
10000,20696.75171874995,model/fx-model_20230922194747.pkl
10000,18299.862792968703,model/fx-model_20230922194748.pkl
10000,18971.850624999955,model/fx-model_20230922194749.pkl
10000,46339.597226562495,model/fx-model_20230922194801.pkl
10000,20532.140136718757,model/fx-model_20230922194803.pkl
10000,21102.447402343758,model/fx-model_20230922194805.pkl
10000,19022.247968749994,model/fx-model_20230922194806.pkl
10000,42649.634082031225,model/fx-model_20230922194906.pkl
10000,20913.770839843735,model/fx-model_20230922194908.pkl
10000,19642.706894531268,model/fx-model_20230922194910.pkl
10000,39803.98990234359,model/fx-model_20230922194920.pkl
10000,17875.109999999997,model/fx-model_20230922194922.pkl
10000,20034.450332031316,model/fx-model_20230922194923.pkl
10000,19785.520449218715,model/fx-model_20230922194925.pkl
10000,36818.665429687484,model/fx-model_20230922194934.pkl
10000,20169.935156249947,model/fx-model_20230922194936.pkl
10000,19710.597363281293,model/fx-model_20230922194937.pkl
10000,19248.33853515625,model/fx-model_20230922195022.pkl
10000,19279.578183593654,model/fx-model_20230922195023.pkl
10000,17492.141406249924,model/fx-model_20230922195025.pkl
10000,19324.65697265621,model/fx-model_20230922195026.pkl
10000,19155.326347656184,model/fx-model_20230922195028.pkl
10000,18085.206503906164,model/fx-model_20230922195029.pkl
10000,38203.81300781241,model/fx-model_20230922195039.pkl
10000,20280.666425781288,model/fx-model_20230922195041.pkl
10000,42362.02124999997,model/fx-model_20230922195052.pkl
10000,19791.544355468704,model/fx-model_20230922195054.pkl
10000,18014.403691406216,model/fx-model_20230922195137.pkl
10000,19777.62208984382,model/fx-model_20230922195139.pkl
10000,20427.47375000001,model/fx-model_20230922195141.pkl
10000,19611.029160156195,model/fx-model_20230922195142.pkl
10000,18202.128417968677,model/fx-model_20230922195144.pkl
10000,20363.102050781246,model/fx-model_20230922195146.pkl
10000,18229.372988281237,model/fx-model_20230922195148.pkl
10000,19452.03439453123,model/fx-model_20230922195150.pkl
10000,19468.10423828125,model/fx-model_20230922195151.pkl
10000,17476.03369140622,model/fx-model_20230922195152.pkl
10000,41403.95269531226,model/fx-model_20230922195251.pkl
10000,21040.73544921877,model/fx-model_20230922195253.pkl
10000,17697.09128906254,model/fx-model_20230922195254.pkl
10000,20375.016679687473,model/fx-model_20230922195256.pkl
10000,42025.536972656155,model/fx-model_20230922195308.pkl
10000,43572.99339843746,model/fx-model_20230922195319.pkl
10000,20201.527187499934,model/fx-model_20230922195320.pkl
10000,44107.151894531155,model/fx-model_20230922195332.pkl
10000,16458.285429687494,model/fx-model_20230922195334.pkl
10000,39259.176113281166,model/fx-model_20230922195345.pkl
10000,47030.20103515609,model/fx-model_20230922195435.pkl
10000,42942.12271484357,model/fx-model_20230922195447.pkl
10000,17657.12548828125,model/fx-model_20230922195448.pkl
10000,18871.805097656154,model/fx-model_20230922195450.pkl
10000,21214.67916015624,model/fx-model_20230922195452.pkl
10000,19179.760878906207,model/fx-model_20230922195454.pkl
10000,35760.57835937504,model/fx-model_20230922195504.pkl
10000,20062.702519531234,model/fx-model_20230922195506.pkl
10000,38979.97177734355,model/fx-model_20230922195518.pkl
10000,42830.436601562345,model/fx-model_20230922195529.pkl
10000,18750.108398437493,model/fx-model_20230922195624.pkl
10000,18127.73953124998,model/fx-model_20230922195625.pkl
10000,19680.119628906228,model/fx-model_20230922195628.pkl
10000,19272.36119140621,model/fx-model_20230922195630.pkl
10000,20253.2541601562,model/fx-model_20230922195632.pkl
10000,37173.043281249906,model/fx-model_20230922195643.pkl
10000,20029.135703125,model/fx-model_20230922195645.pkl
10000,19414.127441406254,model/fx-model_20230922195647.pkl
10000,20575.314882812538,model/fx-model_20230922195649.pkl
10000,37484.742011718656,model/fx-model_20230922195659.pkl
10000,18551.150332031215,model/fx-model_20230922195750.pkl
10000,41781.72496093741,model/fx-model_20230922195803.pkl
10000,20456.144531250007,model/fx-model_20230922195804.pkl
10000,20161.594687499946,model/fx-model_20230922195807.pkl
10000,39798.09410156245,model/fx-model_20230922195820.pkl
10000,18939.252656249977,model/fx-model_20230922195822.pkl
10000,20398.239082031287,model/fx-model_20230922195823.pkl
10000,45187.488261718674,model/fx-model_20230922195835.pkl
10000,18433.655078124866,model/fx-model_20230922195837.pkl
10000,17248.308515624998,model/fx-model_20230922195839.pkl
10000,40505.00978515602,model/fx-model_20230922195933.pkl
10000,19813.196621093724,model/fx-model_20230922195936.pkl
10000,35050.971992187486,model/fx-model_20230922195946.pkl
10000,41957.05355468728,model/fx-model_20230922195959.pkl
10000,44194.04548828126,model/fx-model_20230922200012.pkl
10000,40728.057539062436,model/fx-model_20230922200025.pkl
10000,45858.35326171877,model/fx-model_20230922200038.pkl
10000,18345.77896484369,model/fx-model_20230922200039.pkl
10000,45198.84771484363,model/fx-model_20230922200052.pkl
10000,45196.10962890616,model/fx-model_20230922200106.pkl
10000,19881.473007812445,model/fx-model_20230922200209.pkl
10000,19540.36181640623,model/fx-model_20230922200211.pkl
10000,21135.771523437517,model/fx-model_20230922200213.pkl
10000,19918.124023437507,model/fx-model_20230922200216.pkl
10000,20547.550585937406,model/fx-model_20230922200218.pkl
10000,20692.57388671867,model/fx-model_20230922200221.pkl
10000,36458.43787109355,model/fx-model_20230922200233.pkl
10000,17460.507226562473,model/fx-model_20230922200235.pkl
10000,20424.118164062493,model/fx-model_20230922200238.pkl
10000,38892.085917968674,model/fx-model_20230922200251.pkl
10000,19504.24958984371,model/fx-model_20230922200346.pkl
10000,42283.33193359374,model/fx-model_20230922200358.pkl
10000,45060.05099609358,model/fx-model_20230922200411.pkl
10000,19809.312226562473,model/fx-model_20230922200413.pkl
10000,39583.43724609367,model/fx-model_20230922200423.pkl
10000,42485.17332031232,model/fx-model_20230922200435.pkl
10000,19976.19476562499,model/fx-model_20230922200436.pkl
10000,40540.92580078117,model/fx-model_20230922200449.pkl
10000,41488.501874999914,model/fx-model_20230922200501.pkl
10000,42180.535781249906,model/fx-model_20230922200513.pkl
10000,19060.454179687502,model/fx-model_20230922200605.pkl
10000,20336.95755859371,model/fx-model_20230922200607.pkl
10000,46097.211093749946,model/fx-model_20230922200620.pkl
10000,19947.750722656205,model/fx-model_20230922200622.pkl
10000,45048.35894531251,model/fx-model_20230922200635.pkl
10000,18933.70722656247,model/fx-model_20230922200637.pkl
10000,20806.111816406243,model/fx-model_20230922200639.pkl
10000,20152.585039062542,model/fx-model_20230922200641.pkl
10000,19398.514726562502,model/fx-model_20230922200643.pkl
10000,20333.6134960937,model/fx-model_20230922200645.pkl
10000,41299.008398437494,model/fx-model_20230922200737.pkl
10000,47922.97738281239,model/fx-model_20230922200750.pkl
10000,42781.18509765614,model/fx-model_20230922200803.pkl
10000,44345.560468749936,model/fx-model_20230922200814.pkl
10000,20818.69896484374,model/fx-model_20230922200816.pkl
10000,18642.258554687494,model/fx-model_20230922200818.pkl
10000,17390.4783203125,model/fx-model_20230922200820.pkl
10000,19209.083124999983,model/fx-model_20230922200821.pkl
10000,35875.68767578137,model/fx-model_20230922200831.pkl
10000,19479.777617187443,model/fx-model_20230922200832.pkl
10000,43460.97246093744,model/fx-model_20230922200936.pkl
10000,20481.611113281215,model/fx-model_20230922200938.pkl
10000,18148.734238281155,model/fx-model_20230922200939.pkl
10000,19982.945234375,model/fx-model_20230922200941.pkl
10000,39602.650019531044,model/fx-model_20230922200953.pkl
10000,38163.4833984374,model/fx-model_20230922201002.pkl
10000,20378.786445312417,model/fx-model_20230922201004.pkl
10000,18162.234843749953,model/fx-model_20230922201006.pkl
10000,19840.126464843725,model/fx-model_20230922201007.pkl
10000,44012.99955078135,model/fx-model_20230922201018.pkl
10000,42536.96251953134,model/fx-model_20230922201120.pkl
10000,37742.41503906255,model/fx-model_20230922201132.pkl
10000,19416.70642578126,model/fx-model_20230922201134.pkl
10000,20767.80923828127,model/fx-model_20230922201136.pkl
10000,49341.41919921872,model/fx-model_20230922201148.pkl
10000,42578.762382812565,model/fx-model_20230922201201.pkl
10000,19796.681328125058,model/fx-model_20230922201202.pkl
10000,41507.33048828112,model/fx-model_20230922201214.pkl
10000,40791.31849609372,model/fx-model_20230922201226.pkl
10000,19980.55769531241,model/fx-model_20230922201228.pkl
10000,43335.881347656075,model/fx-model_20230922201327.pkl
10000,38096.29853515633,model/fx-model_20230922201339.pkl
10000,19211.377617187467,model/fx-model_20230922201341.pkl
10000,18742.412734375048,model/fx-model_20230922201343.pkl
10000,17822.31845703117,model/fx-model_20230922201344.pkl
10000,44907.3831835938,model/fx-model_20230922201357.pkl
10000,42170.52728515614,model/fx-model_20230922201409.pkl
10000,45909.03718750004,model/fx-model_20230922201422.pkl
10000,17160.559394531214,model/fx-model_20230922201423.pkl
10000,19025.067148437465,model/fx-model_20230922201425.pkl
10000,43971.818671874964,model/fx-model_20230922201527.pkl
10000,20427.445546874984,model/fx-model_20230922201529.pkl
10000,19537.960332031253,model/fx-model_20230922201531.pkl
10000,19295.048906249944,model/fx-model_20230922201533.pkl
10000,41736.444609374885,model/fx-model_20230922201545.pkl
10000,36157.698457031285,model/fx-model_20230922201554.pkl
10000,19989.271660156217,model/fx-model_20230922201556.pkl
10000,37222.587519531226,model/fx-model_20230922201606.pkl
10000,41787.56437500001,model/fx-model_20230922201618.pkl
10000,20499.624746093647,model/fx-model_20230922201619.pkl
10000,42443.69978515612,model/fx-model_20230922201719.pkl
10000,42128.07072265619,model/fx-model_20230922201731.pkl
10000,41651.59621093742,model/fx-model_20230922201743.pkl
10000,34548.74369140627,model/fx-model_20230922201754.pkl
10000,46234.648749999884,model/fx-model_20230922201806.pkl
10000,44390.41246093749,model/fx-model_20230922201818.pkl
10000,18202.564277343692,model/fx-model_20230922201820.pkl
10000,38145.84224609356,model/fx-model_20230922201832.pkl
10000,36757.54398437502,model/fx-model_20230922201841.pkl
10000,19786.421738281246,model/fx-model_20230922201843.pkl
10000,19779.83955078124,model/fx-model_20230922201933.pkl
10000,41894.4657421873,model/fx-model_20230922201944.pkl
10000,39921.462871093674,model/fx-model_20230922201956.pkl
10000,18751.784316406207,model/fx-model_20230922201958.pkl
10000,19911.614980468734,model/fx-model_20230922202000.pkl
10000,42721.82273437492,model/fx-model_20230922202012.pkl
10000,20263.321992187513,model/fx-model_20230922202014.pkl
10000,20050.112304687504,model/fx-model_20230922202016.pkl
10000,45418.74749999993,model/fx-model_20230922202028.pkl
10000,41966.532382812526,model/fx-model_20230922202040.pkl
10000,18355.058105468655,model/fx-model_20230922202123.pkl
10000,19827.09134765624,model/fx-model_20230922202125.pkl
10000,47803.37208984392,model/fx-model_20230922202137.pkl
10000,42546.299101562465,model/fx-model_20230922202149.pkl
10000,44432.65560546878,model/fx-model_20230922202201.pkl
10000,37749.49843749992,model/fx-model_20230922202212.pkl
10000,19591.43408203115,model/fx-model_20230922202214.pkl
10000,17660.779726562436,model/fx-model_20230922202215.pkl
10000,41131.050117187464,model/fx-model_20230922202226.pkl
10000,43518.63638671868,model/fx-model_20230922202239.pkl
10000,20548.333242187444,model/fx-model_20230922202332.pkl
10000,43482.78603515628,model/fx-model_20230922202345.pkl
10000,43498.33945312509,model/fx-model_20230922202357.pkl
10000,42592.17691406237,model/fx-model_20230922202409.pkl
10000,20212.831054687496,model/fx-model_20230922202411.pkl
10000,19733.052441406253,model/fx-model_20230922202413.pkl
10000,20701.619238281233,model/fx-model_20230922202415.pkl
10000,17535.160410156182,model/fx-model_20230922202416.pkl
10000,20266.061308593737,model/fx-model_20230922202418.pkl
10000,46479.006035155995,model/fx-model_20230922202430.pkl
10000,20014.148496093763,model/fx-model_20230922202522.pkl
10000,19304.602050781217,model/fx-model_20230922202524.pkl
10000,20371.730332031195,model/fx-model_20230922202526.pkl
10000,19826.50216796873,model/fx-model_20230922202528.pkl
10000,38635.02365234361,model/fx-model_20230922202541.pkl
10000,20840.25462890617,model/fx-model_20230922202543.pkl
10000,35392.73867187502,model/fx-model_20230922202552.pkl
10000,43853.77708984374,model/fx-model_20230922202605.pkl
10000,40099.74796875005,model/fx-model_20230922202617.pkl
10000,45862.18871093753,model/fx-model_20230922202631.pkl
10000,17739.873867187544,model/fx-model_20230922202720.pkl
10000,40885.47757812486,model/fx-model_20230922202733.pkl
10000,19435.591503906213,model/fx-model_20230922202735.pkl
10000,43736.37083984366,model/fx-model_20230922202748.pkl
10000,20826.954726562493,model/fx-model_20230922202750.pkl
10000,19927.824121093745,model/fx-model_20230922202752.pkl
10000,20073.183925781264,model/fx-model_20230922202754.pkl
10000,20232.11298828123,model/fx-model_20230922202756.pkl
10000,18789.905195312458,model/fx-model_20230922202758.pkl
10000,20286.750859374963,model/fx-model_20230922202800.pkl
10000,20964.177382812504,model/fx-model_20230922202850.pkl
10000,19955.160898437545,model/fx-model_20230922202851.pkl
10000,44158.36566406254,model/fx-model_20230922202903.pkl
10000,20513.117265624962,model/fx-model_20230922202905.pkl
10000,17048.053222656206,model/fx-model_20230922202906.pkl
10000,45822.364472656205,model/fx-model_20230922202919.pkl
10000,43506.1277343749,model/fx-model_20230922202931.pkl
10000,39209.774160156114,model/fx-model_20230922202943.pkl
10000,18444.059863281294,model/fx-model_20230922202944.pkl
10000,40486.72060546877,model/fx-model_20230922202956.pkl
10000,19331.005253906173,model/fx-model_20230922203041.pkl
10000,17856.852480468737,model/fx-model_20230922203043.pkl
10000,19061.252109374964,model/fx-model_20230922203045.pkl
10000,41491.57412109362,model/fx-model_20230922203057.pkl
10000,20271.50294921873,model/fx-model_20230922203058.pkl
10000,40752.64328125006,model/fx-model_20230922203110.pkl
10000,20290.40062499999,model/fx-model_20230922203112.pkl
10000,47571.716464843645,model/fx-model_20230922203123.pkl
10000,44774.75351562514,model/fx-model_20230922203135.pkl
10000,19684.022539062436,model/fx-model_20230922203137.pkl
10000,16276.78197265626,model/fx-model_20230922203228.pkl
10000,20437.840175781243,model/fx-model_20230922203230.pkl
10000,18715.52523437498,model/fx-model_20230922203232.pkl
10000,21597.452675781253,model/fx-model_20230922203234.pkl
10000,17583.102539062475,model/fx-model_20230922203236.pkl
10000,20166.27822265622,model/fx-model_20230922203238.pkl
10000,16816.928730468753,model/fx-model_20230922203240.pkl
10000,39376.803046875044,model/fx-model_20230922203252.pkl
10000,39804.111308593725,model/fx-model_20230922203305.pkl
10000,19253.584082031277,model/fx-model_20230922203307.pkl
10000,20313.118652343786,model/fx-model_20230922203404.pkl
10000,19940.142089843746,model/fx-model_20230922203406.pkl
10000,19909.18265625,model/fx-model_20230922203408.pkl
10000,20521.27244140629,model/fx-model_20230922203410.pkl
10000,19737.922871093702,model/fx-model_20230922203412.pkl
10000,21941.734238281202,model/fx-model_20230922203414.pkl
10000,20218.102050781228,model/fx-model_20230922203416.pkl
10000,20298.842421874942,model/fx-model_20230922203418.pkl
10000,19401.51537109378,model/fx-model_20230922203420.pkl
10000,18422.778222656198,model/fx-model_20230922203421.pkl
10000,47015.44964843762,model/fx-model_20230922203523.pkl
10000,17369.23005859372,model/fx-model_20230922203524.pkl
10000,19499.123535156235,model/fx-model_20230922203526.pkl
10000,37070.80992187485,model/fx-model_20230922203535.pkl
10000,20044.719218749957,model/fx-model_20230922203537.pkl
10000,20294.254765624963,model/fx-model_20230922203539.pkl
10000,19245.685546874953,model/fx-model_20230922203541.pkl
10000,43091.88666015619,model/fx-model_20230922203554.pkl
10000,43410.00503906247,model/fx-model_20230922203607.pkl
10000,37632.86953124986,model/fx-model_20230922203617.pkl
10000,38424.64621093762,model/fx-model_20230922203715.pkl
10000,18833.21433593755,model/fx-model_20230922203717.pkl
10000,37650.69109374983,model/fx-model_20230922203726.pkl
10000,20246.086503906314,model/fx-model_20230922203728.pkl
10000,19888.699902343713,model/fx-model_20230922203730.pkl
10000,19450.513828125033,model/fx-model_20230922203732.pkl
10000,18942.23755859368,model/fx-model_20230922203733.pkl
10000,42625.336406249844,model/fx-model_20230922203745.pkl
10000,43897.75816406246,model/fx-model_20230922203757.pkl
10000,41499.33314453107,model/fx-model_20230922203808.pkl
10000,19003.577285156112,model/fx-model_20230922203855.pkl
10000,42301.75271484361,model/fx-model_20230922203906.pkl
10000,20118.639316406312,model/fx-model_20230922203908.pkl
10000,44290.428964843515,model/fx-model_20230922203919.pkl
10000,20256.334746093726,model/fx-model_20230922203921.pkl
10000,44247.17697265634,model/fx-model_20230922203933.pkl
10000,42554.96337890618,model/fx-model_20230922203944.pkl
10000,20399.75492187504,model/fx-model_20230922203946.pkl
10000,20291.538046875023,model/fx-model_20230922203947.pkl
10000,46544.61537109368,model/fx-model_20230922203958.pkl
10000,45260.925390624994,model/fx-model_20230922204053.pkl
10000,42825.58839843746,model/fx-model_20230922204105.pkl
10000,36240.51095703114,model/fx-model_20230922204117.pkl
10000,20666.208828124913,model/fx-model_20230922204119.pkl
10000,19214.35720703119,model/fx-model_20230922204121.pkl
10000,46019.96687499997,model/fx-model_20230922204133.pkl
10000,21389.313359375006,model/fx-model_20230922204135.pkl
10000,40406.10363281248,model/fx-model_20230922204146.pkl
10000,20577.62048828128,model/fx-model_20230922204148.pkl
10000,42798.48308593733,model/fx-model_20230922204158.pkl
10000,41957.798593749845,model/fx-model_20230922204246.pkl
10000,19964.55556640626,model/fx-model_20230922204248.pkl
10000,19623.62013671874,model/fx-model_20230922204250.pkl
10000,19646.027460937534,model/fx-model_20230922204252.pkl
10000,17992.641347656237,model/fx-model_20230922204253.pkl
10000,18212.035722656234,model/fx-model_20230922204254.pkl
10000,17360.149062499957,model/fx-model_20230922204255.pkl
10000,19898.993339843764,model/fx-model_20230922204257.pkl
10000,20663.945527343756,model/fx-model_20230922204259.pkl
10000,40191.19558593746,model/fx-model_20230922204310.pkl
10000,42821.12894531257,model/fx-model_20230922204355.pkl
10000,44301.082363281035,model/fx-model_20230922204406.pkl
10000,18370.750507812394,model/fx-model_20230922204407.pkl
10000,42478.81853515615,model/fx-model_20230922204417.pkl
10000,18256.17187499995,model/fx-model_20230922204418.pkl
10000,17941.994628906097,model/fx-model_20230922204420.pkl
10000,37909.921269531245,model/fx-model_20230922204428.pkl
10000,19891.23312499998,model/fx-model_20230922204430.pkl
10000,19568.042207031205,model/fx-model_20230922204432.pkl
10000,20610.082656249953,model/fx-model_20230922204434.pkl
10000,18924.512832031156,model/fx-model_20230922204519.pkl
10000,19784.333964843714,model/fx-model_20230922204521.pkl
10000,20260.468085937515,model/fx-model_20230922204523.pkl
10000,17884.04931640619,model/fx-model_20230922204524.pkl
10000,18897.090996093717,model/fx-model_20230922204525.pkl
10000,19641.67095703115,model/fx-model_20230922204527.pkl
10000,39848.17890624978,model/fx-model_20230922204539.pkl
10000,20140.363261718685,model/fx-model_20230922204541.pkl
10000,40901.13720703108,model/fx-model_20230922204552.pkl
10000,19679.10400390626,model/fx-model_20230922204554.pkl
10000,42971.44535156244,model/fx-model_20230922204651.pkl
10000,18028.97580078123,model/fx-model_20230922204653.pkl
10000,41009.23085937493,model/fx-model_20230922204704.pkl
10000,46891.80988281249,model/fx-model_20230922204716.pkl
10000,41163.763300781146,model/fx-model_20230922204727.pkl
10000,20362.983164062472,model/fx-model_20230922204729.pkl
10000,19814.966738281255,model/fx-model_20230922204730.pkl
10000,34153.414277343836,model/fx-model_20230922204740.pkl
10000,19405.7311132812,model/fx-model_20230922204742.pkl
10000,41514.577246093715,model/fx-model_20230922204754.pkl
10000,20044.628105468746,model/fx-model_20230922204837.pkl
10000,41936.7375585937,model/fx-model_20230922204848.pkl
10000,19277.41947265625,model/fx-model_20230922204849.pkl
10000,20598.34589843746,model/fx-model_20230922204851.pkl
10000,43173.057910156385,model/fx-model_20230922204903.pkl
10000,18183.24812499994,model/fx-model_20230922204904.pkl
10000,18811.601992187476,model/fx-model_20230922204906.pkl
10000,20687.57150390622,model/fx-model_20230922204908.pkl
10000,19846.086679687414,model/fx-model_20230922204909.pkl
10000,38452.62820312499,model/fx-model_20230922204918.pkl
10000,37015.80957031221,model/fx-model_20230922205009.pkl
10000,19418.851464843756,model/fx-model_20230922205010.pkl
10000,20466.13671875005,model/fx-model_20230922205012.pkl
10000,20339.12499999996,model/fx-model_20230922205014.pkl
10000,19891.247988281244,model/fx-model_20230922205016.pkl
10000,20236.419101562497,model/fx-model_20230922205018.pkl
10000,20259.58111328128,model/fx-model_20230922205019.pkl
10000,43541.967363281154,model/fx-model_20230922205031.pkl
10000,36015.41257812499,model/fx-model_20230922205039.pkl
10000,40096.18710937508,model/fx-model_20230922205051.pkl
10000,20184.277910156285,model/fx-model_20230922205137.pkl
10000,17091.0498046875,model/fx-model_20230922205138.pkl
10000,19546.050097656112,model/fx-model_20230922205140.pkl
10000,19325.759765624975,model/fx-model_20230922205142.pkl
10000,47023.21373046895,model/fx-model_20230922205154.pkl
10000,20828.244335937474,model/fx-model_20230922205156.pkl
10000,17133.97599609368,model/fx-model_20230922205157.pkl
10000,20740.030390624997,model/fx-model_20230922205159.pkl
10000,19654.396171875,model/fx-model_20230922205201.pkl
10000,19835.11869140624,model/fx-model_20230922205202.pkl
10000,42040.989140625024,model/fx-model_20230922205255.pkl
10000,43899.5117968749,model/fx-model_20230922205306.pkl
10000,17400.07568359373,model/fx-model_20230922205308.pkl
10000,45634.59281249996,model/fx-model_20230922205319.pkl
10000,42181.37408203129,model/fx-model_20230922205330.pkl
10000,40742.497070312726,model/fx-model_20230922205343.pkl
10000,19346.854511718775,model/fx-model_20230922205345.pkl
10000,20526.961308593687,model/fx-model_20230922205347.pkl
10000,19414.213105468683,model/fx-model_20230922205348.pkl
10000,41535.47314453116,model/fx-model_20230922205401.pkl
10000,20510.4181640625,model/fx-model_20230922205440.pkl
10000,19964.11816406245,model/fx-model_20230922205441.pkl
10000,19529.176523437476,model/fx-model_20230922205443.pkl
10000,19826.040410156176,model/fx-model_20230922205445.pkl
10000,20745.98482421865,model/fx-model_20230922205446.pkl
10000,19757.063476562536,model/fx-model_20230922205448.pkl
10000,19407.954316406223,model/fx-model_20230922205450.pkl
10000,40267.73441406246,model/fx-model_20230922205459.pkl
10000,19478.912929687398,model/fx-model_20230922205501.pkl
10000,43412.86865234375,model/fx-model_20230922205512.pkl
10000,20483.31263671871,model/fx-model_20230922205601.pkl
10000,19607.81189453126,model/fx-model_20230922205603.pkl
10000,19966.351562499985,model/fx-model_20230922205605.pkl
10000,41515.827792968805,model/fx-model_20230922205617.pkl
10000,20127.675625000087,model/fx-model_20230922205619.pkl
10000,19231.5393554687,model/fx-model_20230922205620.pkl
10000,36701.897050781045,model/fx-model_20230922205629.pkl
10000,19216.805117187527,model/fx-model_20230922205631.pkl
10000,19730.108417968757,model/fx-model_20230922205633.pkl
10000,20362.537304687412,model/fx-model_20230922205635.pkl
10000,18398.463085937437,model/fx-model_20230922205722.pkl
10000,43066.5106640625,model/fx-model_20230922205733.pkl
10000,18077.347792968678,model/fx-model_20230922205734.pkl
10000,19196.747089843797,model/fx-model_20230922205736.pkl
10000,19828.503710937464,model/fx-model_20230922205738.pkl
10000,44910.624453124816,model/fx-model_20230922205751.pkl
10000,41692.66853515609,model/fx-model_20230922205803.pkl
10000,19986.099609374953,model/fx-model_20230922205804.pkl
10000,20806.561835937508,model/fx-model_20230922205806.pkl
10000,19807.716230468806,model/fx-model_20230922205808.pkl
10000,41083.611035156195,model/fx-model_20230922205855.pkl
10000,18002.62316406247,model/fx-model_20230922205856.pkl
10000,19273.358632812473,model/fx-model_20230922205858.pkl
10000,40376.72728515605,model/fx-model_20230922205909.pkl
10000,42478.68306640624,model/fx-model_20230922205921.pkl
10000,44422.21939453127,model/fx-model_20230922205932.pkl
10000,18237.860468750012,model/fx-model_20230922205934.pkl
10000,39420.68259765612,model/fx-model_20230922205943.pkl
10000,34913.42181640625,model/fx-model_20230922205952.pkl
10000,16787.04003906245,model/fx-model_20230922205954.pkl
10000,39224.90031249996,model/fx-model_20230922210046.pkl
10000,42756.967539062316,model/fx-model_20230922210058.pkl
10000,20567.054394531217,model/fx-model_20230922210100.pkl
10000,18674.155117187474,model/fx-model_20230922210102.pkl
10000,20431.818398437572,model/fx-model_20230922210104.pkl
10000,35974.916328124906,model/fx-model_20230922210113.pkl
10000,44427.455898437394,model/fx-model_20230922210125.pkl
10000,17836.2252539062,model/fx-model_20230922210127.pkl
10000,20538.347480468758,model/fx-model_20230922210129.pkl
10000,39390.57414062482,model/fx-model_20230922210140.pkl
10000,39613.64626953114,model/fx-model_20230922210233.pkl
10000,40874.298671874945,model/fx-model_20230922210245.pkl
10000,46320.660429687356,model/fx-model_20230922210258.pkl
10000,19204.97179687499,model/fx-model_20230922210300.pkl
10000,43473.4557226563,model/fx-model_20230922210311.pkl
10000,40800.573398437475,model/fx-model_20230922210323.pkl
10000,41657.28992187486,model/fx-model_20230922210334.pkl
10000,18500.309023437516,model/fx-model_20230922210336.pkl
10000,20210.731757812537,model/fx-model_20230922210338.pkl
10000,40759.8996679688,model/fx-model_20230922210349.pkl
10000,45745.76605468739,model/fx-model_20230922210445.pkl
10000,44134.1994335937,model/fx-model_20230922210457.pkl
10000,20378.08740234368,model/fx-model_20230922210459.pkl
10000,19344.446210937498,model/fx-model_20230922210500.pkl
10000,43154.390742187505,model/fx-model_20230922210512.pkl
10000,46668.29017578112,model/fx-model_20230922210524.pkl
10000,44299.41601562492,model/fx-model_20230922210535.pkl
10000,19115.005449218646,model/fx-model_20230922210537.pkl
10000,19546.418554687494,model/fx-model_20230922210539.pkl
10000,42453.41220703107,model/fx-model_20230922210551.pkl
10000,16517.018554687435,model/fx-model_20230922210630.pkl
10000,43962.81917968744,model/fx-model_20230922210640.pkl
10000,44345.56794921877,model/fx-model_20230922210653.pkl
10000,40152.83990234368,model/fx-model_20230922210705.pkl
10000,19493.12109375003,model/fx-model_20230922210707.pkl
10000,46096.280605468906,model/fx-model_20230922210718.pkl
10000,19897.17277343749,model/fx-model_20230922210720.pkl
10000,37675.77599609367,model/fx-model_20230922210729.pkl
10000,18470.589082031183,model/fx-model_20230922210730.pkl
10000,34876.199511718645,model/fx-model_20230922210740.pkl
10000,20141.785625000026,model/fx-model_20230922210817.pkl
10000,17602.03568359367,model/fx-model_20230922210818.pkl
10000,34460.89781250007,model/fx-model_20230922210827.pkl
10000,41456.68023437494,model/fx-model_20230922210838.pkl
10000,19521.886230468735,model/fx-model_20230922210839.pkl
10000,43680.6617382812,model/fx-model_20230922210852.pkl
10000,19756.04619140618,model/fx-model_20230922210854.pkl
10000,45308.26677734386,model/fx-model_20230922210905.pkl
10000,17973.370371093646,model/fx-model_20230922210906.pkl
10000,43388.035253906186,model/fx-model_20230922210917.pkl
10000,20074.036601562453,model/fx-model_20230922210955.pkl
10000,19620.852617187535,model/fx-model_20230922210956.pkl
10000,45078.30376953099,model/fx-model_20230922211009.pkl
10000,20043.410429687523,model/fx-model_20230922211011.pkl
10000,41754.60583984361,model/fx-model_20230922211022.pkl
10000,42468.57435546879,model/fx-model_20230922211034.pkl
10000,18092.360839843757,model/fx-model_20230922211035.pkl
10000,36356.833710937426,model/fx-model_20230922211044.pkl
10000,37045.158144531175,model/fx-model_20230922211056.pkl
10000,38396.38632812491,model/fx-model_20230922211106.pkl
10000,20131.073242187453,model/fx-model_20230922211151.pkl
10000,20956.571347656212,model/fx-model_20230922211153.pkl
10000,35979.648925781,model/fx-model_20230922211203.pkl
10000,20640.09814453127,model/fx-model_20230922211205.pkl
10000,36525.594492187236,model/fx-model_20230922211214.pkl
10000,41426.68722656252,model/fx-model_20230922211226.pkl
10000,19422.52042968747,model/fx-model_20230922211228.pkl
10000,17742.298613281153,model/fx-model_20230922211230.pkl
10000,18530.37705078116,model/fx-model_20230922211232.pkl
10000,20142.70312500004,model/fx-model_20230922211234.pkl
10000,40847.035546874795,model/fx-model_20230922211327.pkl
10000,20661.705332031204,model/fx-model_20230922211329.pkl
10000,20460.536191406216,model/fx-model_20230922211330.pkl
10000,43656.12677734387,model/fx-model_20230922211341.pkl
10000,43108.257968750004,model/fx-model_20230922211351.pkl
10000,20324.12548828125,model/fx-model_20230922211353.pkl
10000,47988.394335937555,model/fx-model_20230922211405.pkl
10000,20540.03251953123,model/fx-model_20230922211407.pkl
10000,43335.31367187488,model/fx-model_20230922211419.pkl
10000,17878.453124999905,model/fx-model_20230922211420.pkl
10000,20298.785234375002,model/fx-model_20230922211508.pkl
10000,18766.544277343673,model/fx-model_20230922211509.pkl
10000,18564.650722656206,model/fx-model_20230922211511.pkl
10000,20449.52341796877,model/fx-model_20230922211513.pkl
10000,20268.75146484368,model/fx-model_20230922211515.pkl
10000,18233.60384765624,model/fx-model_20230922211516.pkl
10000,18963.095703125065,model/fx-model_20230922211518.pkl
10000,41075.06017578139,model/fx-model_20230922211530.pkl
10000,43176.954746093674,model/fx-model_20230922211541.pkl
10000,47812.64617187489,model/fx-model_20230922211553.pkl
10000,19843.97115234371,model/fx-model_20230922211638.pkl
10000,18091.98173828113,model/fx-model_20230922211639.pkl
10000,45652.77980468746,model/fx-model_20230922211651.pkl
10000,20032.754335937505,model/fx-model_20230922211653.pkl
10000,19725.25216796876,model/fx-model_20230922211655.pkl
10000,17753.4772460937,model/fx-model_20230922211656.pkl
10000,18916.682832031238,model/fx-model_20230922211658.pkl
10000,17640.056640624927,model/fx-model_20230922211659.pkl
10000,42925.77662109354,model/fx-model_20230922211711.pkl
10000,42481.24275390627,model/fx-model_20230922211722.pkl
10000,20637.088867187525,model/fx-model_20230922211810.pkl
10000,35449.18050781249,model/fx-model_20230922211820.pkl
10000,43166.3100585937,model/fx-model_20230922211832.pkl
10000,20048.79816406241,model/fx-model_20230922211833.pkl
10000,48528.626874999834,model/fx-model_20230922211845.pkl
10000,18964.60109374993,model/fx-model_20230922211847.pkl
10000,41824.72935546848,model/fx-model_20230922211858.pkl
10000,19700.96097656251,model/fx-model_20230922211900.pkl
10000,40824.62771484369,model/fx-model_20230922211912.pkl
10000,19998.211210937458,model/fx-model_20230922211913.pkl
10000,19112.47775390626,model/fx-model_20230922212001.pkl
10000,19660.49615234374,model/fx-model_20230922212003.pkl
10000,20109.659902343727,model/fx-model_20230922212005.pkl
10000,20701.594062499993,model/fx-model_20230922212007.pkl
10000,38215.76984374984,model/fx-model_20230922212016.pkl
10000,39804.90453124986,model/fx-model_20230922212027.pkl
10000,17661.067871093677,model/fx-model_20230922212028.pkl
10000,21203.757265624914,model/fx-model_20230922212030.pkl
10000,17927.986718749977,model/fx-model_20230922212031.pkl
10000,20729.734218749927,model/fx-model_20230922212033.pkl
10000,37325.420800781154,model/fx-model_20230922212125.pkl
10000,42134.37386718763,model/fx-model_20230922212137.pkl
10000,19182.204765624992,model/fx-model_20230922212139.pkl
10000,19997.28865234381,model/fx-model_20230922212141.pkl
10000,42840.12820312486,model/fx-model_20230922212153.pkl
10000,19440.488339843676,model/fx-model_20230922212155.pkl
10000,42885.519902343745,model/fx-model_20230922212206.pkl
10000,18766.75441406243,model/fx-model_20230922212208.pkl
10000,45383.42410156242,model/fx-model_20230922212219.pkl
10000,18409.5802929687,model/fx-model_20230922212221.pkl
10000,37869.75300781232,model/fx-model_20230922212321.pkl
10000,20837.005878906333,model/fx-model_20230922212322.pkl
10000,19344.08056640618,model/fx-model_20230922212324.pkl
10000,18891.078613281203,model/fx-model_20230922212326.pkl
10000,19936.716269531345,model/fx-model_20230922212328.pkl
10000,43712.33406249995,model/fx-model_20230922212339.pkl
10000,19738.20343749996,model/fx-model_20230922212341.pkl
10000,20195.79453124996,model/fx-model_20230922212343.pkl
10000,47933.360585937146,model/fx-model_20230922212354.pkl
10000,19412.379941406234,model/fx-model_20230922212356.pkl
10000,19422.437695312514,model/fx-model_20230922212443.pkl
10000,20635.039335937505,model/fx-model_20230922212445.pkl
10000,38139.719765625094,model/fx-model_20230922212454.pkl
10000,41396.91718749978,model/fx-model_20230922212506.pkl
10000,18215.799667968724,model/fx-model_20230922212508.pkl
10000,19490.03720703124,model/fx-model_20230922212510.pkl
10000,19826.437050781267,model/fx-model_20230922212511.pkl
10000,41553.37404296873,model/fx-model_20230922212523.pkl
10000,19417.66402343742,model/fx-model_20230922212524.pkl
10000,19555.28132812496,model/fx-model_20230922212526.pkl
10000,38948.035488281115,model/fx-model_20230922212619.pkl
10000,17298.923359374923,model/fx-model_20230922212620.pkl
10000,44733.41892578127,model/fx-model_20230922212633.pkl
10000,19632.232070312504,model/fx-model_20230922212635.pkl
10000,19155.007539062404,model/fx-model_20230922212636.pkl
10000,18942.87294921878,model/fx-model_20230922212639.pkl
10000,41253.86476562499,model/fx-model_20230922212651.pkl
10000,18657.830937500006,model/fx-model_20230922212653.pkl
10000,42322.06232421879,model/fx-model_20230922212705.pkl
10000,19484.86085937494,model/fx-model_20230922212707.pkl
10000,20701.73908203124,model/fx-model_20230922212749.pkl
10000,44854.223515625,model/fx-model_20230922212802.pkl
10000,19585.378007812516,model/fx-model_20230922212804.pkl
10000,21146.02837890627,model/fx-model_20230922212807.pkl
10000,20005.341914062472,model/fx-model_20230922212809.pkl
10000,43138.940078124724,model/fx-model_20230922212822.pkl
10000,19485.13476562506,model/fx-model_20230922212824.pkl
10000,44643.011386718485,model/fx-model_20230922212837.pkl
10000,41638.16615234374,model/fx-model_20230922212850.pkl
10000,20144.473007812576,model/fx-model_20230922212852.pkl
10000,19461.124511718703,model/fx-model_20230922212942.pkl
10000,19900.528378906187,model/fx-model_20230922212944.pkl
10000,43806.11306640628,model/fx-model_20230922212956.pkl
10000,46606.12429687493,model/fx-model_20230922213011.pkl
10000,19111.021367187455,model/fx-model_20230922213013.pkl
10000,19798.583203125014,model/fx-model_20230922213015.pkl
10000,42396.51935546875,model/fx-model_20230922213029.pkl
10000,19403.121015624965,model/fx-model_20230922213031.pkl
10000,43803.61054687467,model/fx-model_20230922213043.pkl
10000,20077.121093750036,model/fx-model_20230922213046.pkl
10000,36542.21263671849,model/fx-model_20230922213144.pkl
10000,20597.64316406252,model/fx-model_20230922213146.pkl
10000,39014.67087890607,model/fx-model_20230922213159.pkl
10000,21403.72318359373,model/fx-model_20230922213201.pkl
10000,40645.877480468625,model/fx-model_20230922213215.pkl
10000,19802.148925781225,model/fx-model_20230922213217.pkl
10000,20558.275624999984,model/fx-model_20230922213219.pkl
10000,43026.00583984375,model/fx-model_20230922213232.pkl
10000,20702.873984375055,model/fx-model_20230922213235.pkl
10000,41745.562792968565,model/fx-model_20230922213249.pkl
10000,45641.41623046861,model/fx-model_20230922213358.pkl
10000,18049.393281249875,model/fx-model_20230922213359.pkl
10000,37897.402011718776,model/fx-model_20230922213411.pkl
10000,20125.331347656225,model/fx-model_20230922213413.pkl
10000,42205.0583007811,model/fx-model_20230922213426.pkl
10000,36743.68523437495,model/fx-model_20230922213437.pkl
10000,38746.406035156135,model/fx-model_20230922213449.pkl
10000,20679.034687499956,model/fx-model_20230922213452.pkl
10000,38004.76693359347,model/fx-model_20230922213505.pkl
10000,45939.54921875012,model/fx-model_20230922213519.pkl
10000,18688.049316406214,model/fx-model_20230922213620.pkl
10000,20809.778535156205,model/fx-model_20230922213622.pkl
10000,19646.330800781223,model/fx-model_20230922213624.pkl
10000,39588.12328124994,model/fx-model_20230922213638.pkl
10000,18033.090820312453,model/fx-model_20230922213641.pkl
10000,37217.24923828118,model/fx-model_20230922213652.pkl
10000,40986.97445312488,model/fx-model_20230922213707.pkl
10000,18951.515273437315,model/fx-model_20230922213709.pkl
10000,37830.21210937489,model/fx-model_20230922213720.pkl
10000,17831.100097656275,model/fx-model_20230922213723.pkl
10000,44222.28218750002,model/fx-model_20230922213836.pkl
10000,19429.415644531215,model/fx-model_20230922213838.pkl
10000,35935.343378906226,model/fx-model_20230922213850.pkl
10000,38526.70613281221,model/fx-model_20230922213901.pkl
10000,19367.69574218746,model/fx-model_20230922213903.pkl
10000,35976.91800781249,model/fx-model_20230922213915.pkl
10000,17707.88630859378,model/fx-model_20230922213917.pkl
10000,36857.47355468744,model/fx-model_20230922213929.pkl
10000,17963.69365234363,model/fx-model_20230922213931.pkl
10000,45388.64328124995,model/fx-model_20230922213945.pkl
10000,19061.114746093743,model/fx-model_20230922214043.pkl
10000,39992.85333984363,model/fx-model_20230922214056.pkl
10000,19541.107910156257,model/fx-model_20230922214059.pkl
10000,17515.951035156162,model/fx-model_20230922214100.pkl
10000,17615.2905859374,model/fx-model_20230922214102.pkl
10000,20019.976796874922,model/fx-model_20230922214104.pkl
10000,20060.17517578124,model/fx-model_20230922214106.pkl
10000,20656.262890624967,model/fx-model_20230922214109.pkl
10000,18454.777636718736,model/fx-model_20230922214110.pkl
10000,42186.24017578128,model/fx-model_20230922214125.pkl
10000,36481.33603515616,model/fx-model_20230922214224.pkl
10000,19651.113281250022,model/fx-model_20230922214227.pkl
10000,36869.73021484369,model/fx-model_20230922214238.pkl
10000,19561.12646484378,model/fx-model_20230922214241.pkl
10000,19219.382910156128,model/fx-model_20230922214242.pkl
10000,44998.20699218738,model/fx-model_20230922214256.pkl
10000,21130.509062499987,model/fx-model_20230922214258.pkl
10000,19367.13822265624,model/fx-model_20230922214301.pkl
10000,20467.068652343783,model/fx-model_20230922214303.pkl
10000,44349.605742187276,model/fx-model_20230922214316.pkl
10000,46282.68207031238,model/fx-model_20230922214424.pkl
10000,36434.48541015631,model/fx-model_20230922214435.pkl
10000,20365.143066406265,model/fx-model_20230922214437.pkl
10000,41409.8790429687,model/fx-model_20230922214451.pkl
10000,39514.50544921861,model/fx-model_20230922214504.pkl
10000,43203.16503906237,model/fx-model_20230922214518.pkl
10000,41339.604550781136,model/fx-model_20230922214532.pkl
10000,18819.499355468648,model/fx-model_20230922214535.pkl
10000,20032.74437500009,model/fx-model_20230922214537.pkl
10000,19689.10888671875,model/fx-model_20230922214539.pkl
10000,42485.33011718747,model/fx-model_20230922214634.pkl
10000,18627.119628906254,model/fx-model_20230922214636.pkl
10000,37645.778378906114,model/fx-model_20230922214648.pkl
10000,37543.921992187534,model/fx-model_20230922214659.pkl
10000,42773.2106054686,model/fx-model_20230922214712.pkl
10000,19475.666503906188,model/fx-model_20230922214714.pkl
10000,45756.14208984366,model/fx-model_20230922214727.pkl
10000,19788.72423828124,model/fx-model_20230922214729.pkl
10000,19165.51839843746,model/fx-model_20230922214730.pkl
10000,18342.526855468674,model/fx-model_20230922214732.pkl
10000,20151.15386718746,model/fx-model_20230922214824.pkl
10000,49144.15999999986,model/fx-model_20230922214838.pkl
10000,20152.220624999976,model/fx-model_20230922214840.pkl
10000,41650.870292968735,model/fx-model_20230922214855.pkl
10000,43933.782832031175,model/fx-model_20230922214909.pkl
10000,20626.925175781213,model/fx-model_20230922214911.pkl
10000,46226.18447265625,model/fx-model_20230922214926.pkl
10000,19742.94810546868,model/fx-model_20230922214928.pkl
10000,35639.65632812501,model/fx-model_20230922214939.pkl
10000,18833.040527343655,model/fx-model_20230922214940.pkl
10000,45970.85707031241,model/fx-model_20230922215047.pkl
10000,19952.668164062463,model/fx-model_20230922215049.pkl
10000,20583.04109374996,model/fx-model_20230922215052.pkl
10000,45871.04515625006,model/fx-model_20230922215105.pkl
10000,19964.42279296874,model/fx-model_20230922215107.pkl
10000,41492.06273437487,model/fx-model_20230922215119.pkl
10000,17592.7426171875,model/fx-model_20230922215121.pkl
10000,18790.716523437528,model/fx-model_20230922215123.pkl
10000,19972.754570312514,model/fx-model_20230922215126.pkl
10000,20131.11279296876,model/fx-model_20230922215128.pkl
10000,19313.269121093752,model/fx-model_20230922215217.pkl
10000,45343.09257812491,model/fx-model_20230922215232.pkl
10000,43145.16724609371,model/fx-model_20230922215248.pkl
10000,41818.508574218635,model/fx-model_20230922215302.pkl
10000,19747.31189453124,model/fx-model_20230922215304.pkl
10000,20488.11546874991,model/fx-model_20230922215307.pkl
10000,19781.44423828124,model/fx-model_20230922215309.pkl
10000,19012.499218749956,model/fx-model_20230922215311.pkl
10000,19029.869707031226,model/fx-model_20230922215313.pkl
10000,19928.14498046878,model/fx-model_20230922215315.pkl
10000,20875.090332031272,model/fx-model_20230922215418.pkl
10000,20022.668027343676,model/fx-model_20230922215420.pkl
10000,20308.368535156205,model/fx-model_20230922215422.pkl
10000,19943.68755859372,model/fx-model_20230922215424.pkl
10000,46782.28050781239,model/fx-model_20230922215438.pkl
10000,17742.86074218742,model/fx-model_20230922215440.pkl
10000,20338.706679687504,model/fx-model_20230922215442.pkl
10000,36252.84621093735,model/fx-model_20230922215453.pkl
10000,40318.504179687276,model/fx-model_20230922215508.pkl
10000,20519.618046874988,model/fx-model_20230922215510.pkl
10000,36719.99902343719,model/fx-model_20230922215619.pkl
10000,19716.742597656234,model/fx-model_20230922215621.pkl
10000,47649.45490234364,model/fx-model_20230922215635.pkl
10000,19094.584082031186,model/fx-model_20230922215638.pkl
10000,20365.05773437499,model/fx-model_20230922215640.pkl
10000,19002.529160156275,model/fx-model_20230922215642.pkl
10000,18234.034179687413,model/fx-model_20230922215644.pkl
10000,19417.82369140621,model/fx-model_20230922215646.pkl
10000,19098.13427734372,model/fx-model_20230922215648.pkl
10000,19523.771894531197,model/fx-model_20230922215650.pkl
10000,35431.05667968749,model/fx-model_20230922215752.pkl
10000,19323.682382812447,model/fx-model_20230922215755.pkl
10000,20034.093886718823,model/fx-model_20230922215757.pkl
10000,18184.72349609373,model/fx-model_20230922215759.pkl
10000,20080.289882812445,model/fx-model_20230922215801.pkl
10000,20548.11865234373,model/fx-model_20230922215803.pkl
10000,20703.074062500007,model/fx-model_20230922215806.pkl
10000,44186.293613281225,model/fx-model_20230922215819.pkl
10000,37137.51503906248,model/fx-model_20230922215830.pkl
10000,18966.62839843747,model/fx-model_20230922215832.pkl
10000,44668.29054687504,model/fx-model_20230922215929.pkl
10000,19039.73244140619,model/fx-model_20230922215931.pkl
10000,43942.09716796869,model/fx-model_20230922215944.pkl
10000,19294.36578125005,model/fx-model_20230922215946.pkl
10000,19879.627636718753,model/fx-model_20230922215949.pkl
10000,20841.76749999993,model/fx-model_20230922215951.pkl
10000,19093.254960937487,model/fx-model_20230922215954.pkl
10000,18803.244746093707,model/fx-model_20230922215956.pkl
10000,19607.578886718762,model/fx-model_20230922215958.pkl
10000,17220.970781249896,model/fx-model_20230922220000.pkl
